simulation_mode,ticks,who,breed,energy,wealth,operational_capacity,operational_cost,production_rate,environmental_concern,economic_priority,innovation_level,cooperation_tendency,byproduct_utilization,capacity_utilization,region_type,resource_type,resource_quality,pollution_level,residue_generated_type,residue_used_type,reputation,network_position
0,0,9,wastefuls,26.96,100,20,1,0.97,0.37,0.87,0.26,0.25,0.37,0.77,waste-zone,waste,0.2968616624357353,0,high-toxicity,none,0.06,0
0,0,4,recyclers,26.91,100,19,2,0.96,0.75,0.39,0.91,0.68,0.84,0.92,waste-zone,waste,0.6929099778870634,5,low-toxicity,mixed,0.67,0
0,0,2,recyclers,26.9,100,17,2,0.84,0.96,0.35,0.86,0.56,0.74,0.95,industrial,waste,0.6451887009399877,8,low-toxicity,mixed,0.42,0
0,0,8,wastefuls,28.96,100,15,1,0.92,0.26,0.96,0.6,0.44,0.22,0.72,industrial,waste,low,19,high-toxicity,none,0.42,0
0,0,7,wastefuls,28.91,100,15,2,1,0.31,0.7,0.33,0.46,0.32,0.87,industrial,waste,low,13,high-toxicity,none,0.31,0
0,0,5,wastefuls,26.93,100,16,2,0.97,0.39,0.94,0.22,0.59,0.44,0.72,natural,waste,0.8030783425716418,1,high-toxicity,none,0.54,0
0,0,6,wastefuls,26.95,100,23,1,0.95,0.39,0.99,0.52,0.35,0.24,0.95,industrial,waste,0.5940546623212519,13,high-toxicity,none,0.48,0
0,0,3,recyclers,28.95,100,18,2,0.88,0.69,0.41,0.97,0.64,0.8,0.51,waste-zone,waste,low,5,low-toxicity,mixed,0.77,0
0,0,1,recyclers,28.88,100,15,4,0.91,0.75,0.38,0.93,0.65,0.71,0.62,industrial,waste,low,8,low-toxicity,mixed,0.05,0
0,0,0,recyclers,28.91,100,18,2,0.87,0.89,0.48,0.84,0.77,0.78,0.92,industrial,waste,high,14,low-toxicity,mixed,0.26,0
0,1,6,wastefuls,25.91,100,23,1,0.95,0.39,0.99,0.52,0.35,0.24,0.95,waste-zone,new,0.826755154367146,19,high-toxicity,none,0.48,0
0,1,3,recyclers,27.9,100,18,2,0.88,0.69,0.41,0.97,0.64,0.8,0.51,waste-zone,new,0.1823424796340739,15,low-toxicity,mixed,0.77,0
0,1,9,wastefuls,25.92,100,20,1,0.97,0.37,0.87,0.26,0.25,0.37,0.77,waste-zone,new,0.2230826811862543,17,high-toxicity,none,0.06,0
0,1,5,wastefuls,25.86,100,16,2,0.97,0.39,0.94,0.22,0.59,0.44,0.72,waste-zone,new,0.9691241089510652,9,high-toxicity,none,0.54,0
0,1,1,recyclers,27.75,100,15,4,0.91,0.75,0.38,0.93,0.65,0.71,0.62,industrial,new,0.5708653814471675,19,low-toxicity,mixed,0.05,0
0,1,4,recyclers,25.82,100,19,2,0.96,0.75,0.39,0.91,0.68,0.84,0.92,waste-zone,new,0.41321501422429163,16,low-toxicity,mixed,0.67,0
0,1,8,wastefuls,27.93,100,15,1,0.92,0.26,0.96,0.6,0.44,0.22,0.72,waste-zone,new,0.49399310121883233,11,high-toxicity,none,0.42,0
0,1,0,recyclers,28.82,100,18,2,0.87,0.89,0.48,0.84,0.77,0.78,0.92,industrial,waste,high,14,low-toxicity,mixed,0.26,0
0,1,7,wastefuls,27.83,100,15,2,1,0.31,0.7,0.33,0.46,0.32,0.87,industrial,new,0.7424265181295242,15,high-toxicity,none,0.31,0
0,1,2,recyclers,25.81,100,17,2,0.84,0.96,0.35,0.86,0.56,0.74,0.95,waste-zone,new,0.15133467627388897,3,low-toxicity,mixed,0.42,0
0,2,9,wastefuls,29.88,100,20,1,0.97,0.37,0.87,0.26,0.25,0.37,0.77,waste-zone,waste,high,17,high-toxicity,none,0.06,0
0,2,4,recyclers,29.72,100,19,2,0.96,0.75,0.39,0.91,0.68,0.84,0.92,waste-zone,waste,high,16,low-toxicity,mixed,0.67,0
0,2,0,recyclers,28.73,100,18,2,0.87,0.89,0.48,0.84,0.77,0.78,0.92,industrial,waste,high,14,low-toxicity,mixed,0.26,0
0,2,6,wastefuls,29.86,100,23,1,0.95,0.39,0.99,0.52,0.35,0.24,0.95,waste-zone,waste,high,19,high-toxicity,none,0.48,0
0,2,5,wastefuls,29.79,100,16,2,0.97,0.39,0.94,0.22,0.59,0.44,0.72,waste-zone,waste,high,9,high-toxicity,none,0.54,0
0,2,2,recyclers,29.71,100,17,2,0.84,0.96,0.35,0.86,0.56,0.74,0.95,waste-zone,waste,low,3,low-toxicity,mixed,0.42,0
0,2,3,recyclers,31.85,100,18,2,0.88,0.69,0.41,0.97,0.64,0.8,0.51,waste-zone,waste,low,15,low-toxicity,mixed,0.77,0
0,2,1,recyclers,31.63,100,15,4,0.91,0.75,0.38,0.93,0.65,0.71,0.62,industrial,waste,high,19,low-toxicity,mixed,0.05,0
0,2,8,wastefuls,31.89,100,15,1,0.92,0.26,0.96,0.6,0.44,0.22,0.72,waste-zone,waste,low,11,high-toxicity,none,0.42,0
0,2,7,wastefuls,31.74,100,15,2,1,0.31,0.7,0.33,0.46,0.32,0.87,industrial,waste,high,15,high-toxicity,none,0.31,0
0,3,6,wastefuls,29.81,100,23,1,0.95,0.39,0.99,0.52,0.35,0.24,0.95,waste-zone,waste,high,19,high-toxicity,none,0.48,0
0,3,1,recyclers,30.5,100,15,4,0.91,0.75,0.38,0.93,0.65,0.71,0.62,industrial,new,0.5959006252384322,0,low-toxicity,mixed,0.05,0
0,3,5,wastefuls,29.71,100,16,2,0.97,0.39,0.94,0.22,0.59,0.44,0.72,waste-zone,waste,high,9,high-toxicity,none,0.54,0
0,3,7,wastefuls,30.65,100,15,2,1,0.31,0.7,0.33,0.46,0.32,0.87,waste-zone,new,0.12187513739289357,7,high-toxicity,none,0.31,0
0,3,2,recyclers,28.62,100,17,2,0.84,0.96,0.35,0.86,0.56,0.74,0.95,waste-zone,new,0.9341968773934362,11,low-toxicity,mixed,0.42,0
0,3,3,recyclers,30.8,100,18,2,0.88,0.69,0.41,0.97,0.64,0.8,0.51,waste-zone,new,0.18329532681793104,16,low-toxicity,mixed,0.77,0
0,3,8,wastefuls,30.86,100,15,1,0.92,0.26,0.96,0.6,0.44,0.22,0.72,waste-zone,new,0.16651370233089957,0,high-toxicity,none,0.42,0
0,3,9,wastefuls,29.85,100,20,1,0.97,0.37,0.87,0.26,0.25,0.37,0.77,waste-zone,waste,high,17,high-toxicity,none,0.06,0
0,3,4,recyclers,29.63,100,19,2,0.96,0.75,0.39,0.91,0.68,0.84,0.92,waste-zone,waste,high,16,low-toxicity,mixed,0.67,0
0,3,0,recyclers,28.63,100,18,2,0.87,0.89,0.48,0.84,0.77,0.78,0.92,industrial,waste,high,14,low-toxicity,mixed,0.26,0
0,4,1,recyclers,34.38,100,15,4,0.91,0.75,0.38,0.93,0.65,0.71,0.62,industrial,waste,low,0,low-toxicity,mixed,0.05,0
0,4,7,wastefuls,34.56,100,15,2,1,0.31,0.7,0.33,0.46,0.32,0.87,waste-zone,waste,low,7,high-toxicity,none,0.31,0
0,4,8,wastefuls,34.82,100,15,1,0.92,0.26,0.96,0.6,0.44,0.22,0.72,waste-zone,waste,low,0,high-toxicity,none,0.42,0
0,4,9,wastefuls,29.81,100,20,1,0.97,0.37,0.87,0.26,0.25,0.37,0.77,waste-zone,waste,high,17,high-toxicity,none,0.06,0
0,4,3,recyclers,34.75,100,18,2,0.88,0.69,0.41,0.97,0.64,0.8,0.51,waste-zone,waste,low,16,low-toxicity,mixed,0.77,0
0,4,6,wastefuls,29.76,100,23,1,0.95,0.39,0.99,0.52,0.35,0.24,0.95,waste-zone,waste,high,19,high-toxicity,none,0.48,0
0,4,4,recyclers,29.54,100,19,2,0.96,0.75,0.39,0.91,0.68,0.84,0.92,waste-zone,waste,high,16,low-toxicity,mixed,0.67,0
0,4,2,recyclers,32.52,100,17,2,0.84,0.96,0.35,0.86,0.56,0.74,0.95,waste-zone,new,high,11,low-toxicity,mixed,0.42,0
0,4,5,wastefuls,29.64,100,16,2,0.97,0.39,0.94,0.22,0.59,0.44,0.72,waste-zone,waste,high,9,high-toxicity,none,0.54,0
0,4,0,recyclers,28.54,100,18,2,0.87,0.89,0.48,0.84,0.77,0.78,0.92,industrial,waste,high,14,low-toxicity,mixed,0.26,0
0,5,7,wastefuls,33.48,100,15,2,1,0.31,0.7,0.33,0.46,0.32,0.87,natural,new,0.5479857242876047,5,high-toxicity,none,0.31,0
0,5,6,wastefuls,29.72,100,23,1,0.95,0.39,0.99,0.52,0.35,0.24,0.95,waste-zone,waste,high,19,high-toxicity,none,0.48,0
0,5,9,wastefuls,29.77,100,20,1,0.97,0.37,0.87,0.26,0.25,0.37,0.77,waste-zone,waste,high,17,high-toxicity,none,0.06,0
0,5,4,recyclers,29.45,100,19,2,0.96,0.75,0.39,0.91,0.68,0.84,0.92,waste-zone,waste,high,16,low-toxicity,mixed,0.67,0
0,5,5,wastefuls,29.57,100,16,2,0.97,0.39,0.94,0.22,0.59,0.44,0.72,waste-zone,waste,high,9,high-toxicity,none,0.54,0
0,5,8,wastefuls,33.78,100,15,1,0.92,0.26,0.96,0.6,0.44,0.22,0.72,natural,new,0.3462329866458669,17,high-toxicity,none,0.42,0
0,5,2,recyclers,36.43,100,17,2,0.84,0.96,0.35,0.86,0.56,0.74,0.95,waste-zone,waste,high,11,low-toxicity,mixed,0.42,0
0,5,1,recyclers,33.25,100,15,4,0.91,0.75,0.38,0.93,0.65,0.71,0.62,industrial,new,0.994379857286152,1,low-toxicity,mixed,0.05,0
0,5,3,recyclers,33.69,100,18,2,0.88,0.69,0.41,0.97,0.64,0.8,0.51,waste-zone,new,0.7197518646473481,1,low-toxicity,mixed,0.77,0
0,5,0,recyclers,28.45,100,18,2,0.87,0.89,0.48,0.84,0.77,0.78,0.92,industrial,waste,high,14,low-toxicity,mixed,0.26,0
0,6,0,recyclers,28.36,100,18,2,0.87,0.89,0.48,0.84,0.77,0.78,0.92,industrial,waste,high,14,low-toxicity,mixed,0.26,0
0,6,9,wastefuls,29.73,100,20,1,0.97,0.37,0.87,0.26,0.25,0.37,0.77,waste-zone,waste,high,17,high-toxicity,none,0.06,0
0,6,8,wastefuls,37.75,100,15,1,0.92,0.26,0.96,0.6,0.44,0.22,0.72,natural,waste,high,17,high-toxicity,none,0.42,0
0,6,6,wastefuls,29.67,100,23,1,0.95,0.39,0.99,0.52,0.35,0.24,0.95,waste-zone,waste,high,19,high-toxicity,none,0.48,0
0,6,1,recyclers,37.13,100,15,4,0.91,0.75,0.38,0.93,0.65,0.71,0.62,industrial,waste,low,1,low-toxicity,mixed,0.05,0
0,6,4,recyclers,29.35,100,19,2,0.96,0.75,0.39,0.91,0.68,0.84,0.92,waste-zone,waste,high,16,low-toxicity,mixed,0.67,0
0,6,5,wastefuls,29.5,100,16,2,0.97,0.39,0.94,0.22,0.59,0.44,0.72,waste-zone,waste,high,9,high-toxicity,none,0.54,0
0,6,2,recyclers,36.33,100,17,2,0.84,0.96,0.35,0.86,0.56,0.74,0.95,waste-zone,waste,high,11,low-toxicity,mixed,0.42,0
0,6,7,wastefuls,37.39,100,15,2,1,0.31,0.7,0.33,0.46,0.32,0.87,natural,waste,low,5,high-toxicity,none,0.31,0
0,6,3,recyclers,37.64,100,18,2,0.88,0.69,0.41,0.97,0.64,0.8,0.51,waste-zone,waste,low,1,low-toxicity,mixed,0.77,0
0,7,9,wastefuls,29.69,100,20,1,0.97,0.37,0.87,0.26,0.25,0.37,0.77,waste-zone,waste,high,17,high-toxicity,none,0.06,0
0,7,0,recyclers,28.27,100,18,2,0.87,0.89,0.48,0.84,0.77,0.78,0.92,industrial,waste,high,14,low-toxicity,mixed,0.26,0
0,7,3,recyclers,37.59,100,18,2,0.88,0.69,0.41,0.97,0.64,0.8,0.51,waste-zone,waste,low,1,low-toxicity,mixed,0.77,0
0,7,5,wastefuls,29.43,100,16,2,0.97,0.39,0.94,0.22,0.59,0.44,0.72,waste-zone,waste,high,9,high-toxicity,none,0.54,0
0,7,1,recyclers,36.01,100,15,4,0.91,0.75,0.38,0.93,0.65,0.71,0.62,industrial,new,0.44284989137318687,19,low-toxicity,mixed,0.05,0
0,7,7,wastefuls,34.3,100,15.75,2,1,0.31,0.7,0.33,0.46,0.32,0.87,natural,waste,low,10,high-toxicity,none,0.31,0
0,7,6,wastefuls,29.62,100,23,1,0.95,0.39,0.99,0.52,0.35,0.24,0.95,waste-zone,waste,high,19,high-toxicity,none,0.48,0
0,7,4,recyclers,29.26,100,19,2,0.96,0.75,0.39,0.91,0.68,0.84,0.92,waste-zone,waste,high,16,low-toxicity,mixed,0.67,0
0,7,8,wastefuls,34.71,100,15.75,1,0.94,0.26,0.96,0.6,0.44,0.22,0.72,natural,waste,high,22,high-toxicity,none,0.42,0
0,7,2,recyclers,36.24,100,17,2,0.84,0.96,0.35,0.86,0.56,0.74,0.95,waste-zone,waste,high,11,low-toxicity,mixed,0.42,0
0,8,3,recyclers,36.54,100,18,2,0.88,0.69,0.41,0.97,0.64,0.8,0.51,natural,new,0.8545235776974179,10,low-toxicity,mixed,0.77,0
0,8,1,recyclers,39.88,100,15,4,0.91,0.75,0.38,0.93,0.65,0.71,0.62,industrial,waste,low,19,low-toxicity,mixed,0.05,0
0,8,8,wastefuls,33.68,100,15.75,1,0.94,0.26,0.96,0.6,0.44,0.22,0.72,natural,new,0.7694530089448565,13,high-toxicity,none,0.42,0
0,8,2,recyclers,36.14,100,17,2,0.84,0.96,0.35,0.86,0.56,0.74,0.95,waste-zone,waste,high,11,low-toxicity,mixed,0.42,0
0,8,5,wastefuls,29.36,100,16,2,0.97,0.39,0.94,0.22,0.59,0.44,0.72,waste-zone,waste,high,9,high-toxicity,none,0.54,0
0,8,0,recyclers,28.18,100,18,2,0.87,0.89,0.48,0.84,0.77,0.78,0.92,industrial,waste,high,14,low-toxicity,mixed,0.26,0
0,8,9,wastefuls,29.65,100,20,1,0.97,0.37,0.87,0.26,0.25,0.37,0.77,waste-zone,waste,high,17,high-toxicity,none,0.06,0
0,8,6,wastefuls,29.57,100,23,1,0.95,0.39,0.99,0.52,0.35,0.24,0.95,waste-zone,waste,high,19,high-toxicity,none,0.48,0
0,8,7,wastefuls,33.22,100,15.75,2,1,0.31,0.7,0.33,0.46,0.32,0.87,natural,new,0.14693981511751197,8,high-toxicity,none,0.31,0
0,8,4,recyclers,29.17,100,19,2,0.96,0.75,0.39,0.91,0.68,0.84,0.92,waste-zone,waste,high,16,low-toxicity,mixed,0.67,0
0,9,9,wastefuls,29.62,100,20,1,0.97,0.37,0.87,0.26,0.25,0.37,0.77,waste-zone,waste,high,17,high-toxicity,none,0.06,0
0,9,4,recyclers,29.08,100,19,2,0.96,0.75,0.39,0.91,0.68,0.84,0.92,waste-zone,waste,high,16,low-toxicity,mixed,0.67,0
0,9,0,recyclers,28.08,100,18,2,0.87,0.89,0.48,0.84,0.77,0.78,0.92,industrial,waste,high,14,low-toxicity,mixed,0.26,0
0,9,5,wastefuls,29.28,100,16,2,0.97,0.39,0.94,0.22,0.59,0.44,0.72,waste-zone,waste,high,9,high-toxicity,none,0.54,0
0,9,2,recyclers,35.05,100,17,2,0.84,0.96,0.35,0.86,0.56,0.74,0.95,industrial,new,0.3864406298614017,15,low-toxicity,mixed,0.42,0
0,9,1,recyclers,38.76,100,15,4,0.91,0.75,0.38,0.93,0.65,0.71,0.62,waste-zone,new,0.9070920576745427,7,low-toxicity,mixed,0.05,0
0,9,3,recyclers,40.49,100,18,2,0.88,0.69,0.41,0.97,0.64,0.8,0.51,natural,waste,low,10,low-toxicity,mixed,0.77,0
0,9,7,wastefuls,37.13,100,15.75,2,1,0.31,0.7,0.33,0.46,0.32,0.87,natural,waste,low,8,high-toxicity,none,0.31,0
0,9,8,wastefuls,37.64,100,15.75,1,0.94,0.26,0.96,0.6,0.44,0.22,0.72,natural,waste,low,13,high-toxicity,none,0.42,0
0,9,6,wastefuls,29.53,100,23,1,0.95,0.39,0.99,0.52,0.35,0.24,0.95,waste-zone,waste,high,19,high-toxicity,none,0.48,0
0,10,2,recyclers,38.95,100,17,2,0.84,0.96,0.35,0.86,0.56,0.74,0.95,industrial,waste,high,15,low-toxicity,mixed,0.42,0
0,10,7,wastefuls,34.04,100,16.54,2,1,0.31,0.7,0.33,0.46,0.32,0.87,natural,waste,low,13,high-toxicity,none,0.31,0
0,10,1,recyclers,42.63,100,15,4,0.91,0.75,0.38,0.93,0.65,0.71,0.62,waste-zone,waste,low,7,low-toxicity,mixed,0.05,0
0,10,6,wastefuls,29.48,100,23,1,0.95,0.39,0.99,0.52,0.35,0.24,0.95,waste-zone,waste,high,19,high-toxicity,none,0.48,0
0,10,9,wastefuls,29.58,100,20,1,0.97,0.37,0.87,0.26,0.25,0.37,0.77,waste-zone,waste,high,17,high-toxicity,none,0.06,0
0,10,3,recyclers,40.44,100,18,2,0.88,0.69,0.41,0.97,0.64,0.8,0.51,natural,waste,low,10,low-toxicity,mixed,0.77,0
0,10,0,recyclers,27.99,100,18,2,0.87,0.89,0.48,0.84,0.77,0.78,0.92,industrial,waste,high,14,low-toxicity,mixed,0.26,0
0,10,4,recyclers,28.99,100,19,2,0.96,0.75,0.39,0.91,0.68,0.84,0.92,waste-zone,waste,high,16,low-toxicity,mixed,0.67,0
0,10,8,wastefuls,34.6,100,16.54,1,0.96,0.26,0.96,0.6,0.44,0.22,0.72,natural,waste,low,18,high-toxicity,none,0.42,0
0,10,5,wastefuls,29.21,100,16,2,0.97,0.39,0.94,0.22,0.59,0.44,0.72,waste-zone,waste,high,9,high-toxicity,none,0.54,0
0,11,3,recyclers,40.39,100,18,2,0.88,0.69,0.41,0.97,0.64,0.8,0.51,natural,waste,low,10,low-toxicity,mixed,0.77,0
0,11,6,wastefuls,29.43,100,23,1,0.95,0.39,0.99,0.52,0.35,0.24,0.95,waste-zone,waste,high,19,high-toxicity,none,0.48,0
0,11,2,recyclers,38.85,100,17,2,0.84,0.96,0.35,0.86,0.56,0.74,0.95,industrial,waste,high,15,low-toxicity,mixed,0.42,0
0,11,0,recyclers,27.9,100,18,2,0.87,0.89,0.48,0.84,0.77,0.78,0.92,industrial,waste,high,14,low-toxicity,mixed,0.26,0
0,11,8,wastefuls,33.57,100,16.54,1,0.96,0.26,0.96,0.6,0.44,0.22,0.72,waste-zone,new,0.25477127001021094,4,high-toxicity,none,0.42,0
0,11,4,recyclers,28.89,100,19,2,0.96,0.75,0.39,0.91,0.68,0.84,0.92,waste-zone,waste,high,16,low-toxicity,mixed,0.67,0
0,11,9,wastefuls,29.54,100,20,1,0.97,0.37,0.87,0.26,0.25,0.37,0.77,waste-zone,waste,high,17,high-toxicity,none,0.06,0
0,11,7,wastefuls,32.95,100,16.54,2,1,0.31,0.7,0.33,0.46,0.32,0.87,waste-zone,new,0.9669610339660492,4,high-toxicity,none,0.31,0
0,11,5,wastefuls,29.14,100,16,2,0.97,0.39,0.94,0.22,0.59,0.44,0.72,waste-zone,waste,high,9,high-toxicity,none,0.54,0
0,11,1,recyclers,42.51,100,15,4,0.91,0.75,0.38,0.93,0.65,0.71,0.62,waste-zone,waste,low,7,low-toxicity,mixed,0.05,0
0,12,0,recyclers,27.81,100,18,2,0.87,0.89,0.48,0.84,0.77,0.78,0.92,industrial,waste,high,14,low-toxicity,mixed,0.26,0
0,12,3,recyclers,39.34,100,18,2,0.88,0.69,0.41,0.97,0.64,0.8,0.51,natural,new,0.3545430073232221,15,low-toxicity,mixed,0.77,0
0,12,1,recyclers,41.38,100,15,4,0.91,0.75,0.38,0.93,0.65,0.71,0.62,natural,new,0.07049277627711181,5,low-toxicity,mixed,0.05,0
0,12,6,wastefuls,29.38,100,23,1,0.95,0.39,0.99,0.52,0.35,0.24,0.95,waste-zone,waste,high,19,high-toxicity,none,0.48,0
0,12,8,wastefuls,37.53,100,16.54,1,0.96,0.26,0.96,0.6,0.44,0.22,0.72,waste-zone,waste,low,4,high-toxicity,none,0.42,0
0,12,7,wastefuls,36.87,100,16.54,2,1,0.31,0.7,0.33,0.46,0.32,0.87,waste-zone,waste,low,4,high-toxicity,none,0.31,0
0,12,5,wastefuls,29.07,100,16,2,0.97,0.39,0.94,0.22,0.59,0.44,0.72,waste-zone,waste,high,9,high-toxicity,none,0.54,0
0,12,4,recyclers,28.8,100,19,2,0.96,0.75,0.39,0.91,0.68,0.84,0.92,waste-zone,waste,high,16,low-toxicity,mixed,0.67,0
0,12,9,wastefuls,29.5,100,20,1,0.97,0.37,0.87,0.26,0.25,0.37,0.77,waste-zone,waste,high,17,high-toxicity,none,0.06,0
0,12,2,recyclers,38.76,100,17,2,0.84,0.96,0.35,0.86,0.56,0.74,0.95,industrial,waste,high,15,low-toxicity,mixed,0.42,0
0,13,7,wastefuls,33.78,100,17.36,2,1,0.31,0.7,0.33,0.46,0.32,0.87,waste-zone,waste,low,9,high-toxicity,none,0.31,0
0,13,6,wastefuls,29.34,100,23,1,0.95,0.39,0.99,0.52,0.35,0.24,0.95,waste-zone,waste,high,19,high-toxicity,none,0.48,0
0,13,8,wastefuls,34.5,100,17.36,1,0.98,0.26,0.96,0.6,0.44,0.22,0.72,waste-zone,waste,low,9,high-toxicity,none,0.42,0
0,13,4,recyclers,28.71,100,19,2,0.96,0.75,0.39,0.91,0.68,0.84,0.92,waste-zone,waste,high,16,low-toxicity,mixed,0.67,0
0,13,1,recyclers,45.26,100,15,4,0.91,0.75,0.38,0.93,0.65,0.71,0.62,natural,waste,high,5,low-toxicity,mixed,0.05,0
0,13,0,recyclers,27.72,100,18,2,0.87,0.89,0.48,0.84,0.77,0.78,0.92,industrial,waste,high,14,low-toxicity,mixed,0.26,0
0,13,3,recyclers,43.29,100,18,2,0.88,0.69,0.41,0.97,0.64,0.8,0.51,natural,waste,low,15,low-toxicity,mixed,0.77,0
0,13,2,recyclers,38.66,100,17,2,0.84,0.96,0.35,0.86,0.56,0.74,0.95,industrial,waste,high,15,low-toxicity,mixed,0.42,0
0,13,9,wastefuls,29.46,100,20,1,0.97,0.37,0.87,0.26,0.25,0.37,0.77,waste-zone,waste,high,17,high-toxicity,none,0.06,0
0,13,5,wastefuls,29,100,16,2,0.97,0.39,0.94,0.22,0.59,0.44,0.72,waste-zone,waste,high,9,high-toxicity,none,0.54,0
0,14,6,wastefuls,29.29,100,23,1,0.95,0.39,0.99,0.52,0.35,0.24,0.95,waste-zone,waste,high,19,high-toxicity,none,0.48,0
0,14,5,wastefuls,28.93,100,16,2,0.97,0.39,0.94,0.22,0.59,0.44,0.72,waste-zone,waste,high,9,high-toxicity,none,0.54,0
0,14,0,recyclers,27.63,100,18,2,0.87,0.89,0.48,0.84,0.77,0.78,0.92,industrial,waste,high,14,low-toxicity,mixed,0.26,0
0,14,8,wastefuls,33.46,100,17.36,1,0.98,0.26,0.96,0.6,0.44,0.22,0.72,natural,new,0.7408971552846797,11,high-toxicity,none,0.42,0
0,14,7,wastefuls,32.69,100,17.36,2,1,0.31,0.7,0.33,0.46,0.32,0.87,natural,new,0.19568865028181814,4,high-toxicity,none,0.31,0
0,14,4,recyclers,28.62,100,19,2,0.96,0.75,0.39,0.91,0.68,0.84,0.92,waste-zone,waste,high,16,low-toxicity,mixed,0.67,0
0,14,9,wastefuls,29.42,100,20,1,0.97,0.37,0.87,0.26,0.25,0.37,0.77,waste-zone,waste,high,17,high-toxicity,none,0.06,0
0,14,1,recyclers,45.13,100,15,4,0.91,0.75,0.38,0.93,0.65,0.71,0.62,natural,waste,high,5,low-toxicity,mixed,0.05,0
0,14,2,recyclers,38.57,100,17,2,0.84,0.96,0.35,0.86,0.56,0.74,0.95,industrial,waste,high,15,low-toxicity,mixed,0.42,0
0,14,3,recyclers,42.24,100,18,2,0.88,0.69,0.41,0.97,0.64,0.8,0.51,natural,new,0.4210630380090772,3,low-toxicity,mixed,0.77,0
0,15,0,recyclers,27.53,100,18,2,0.87,0.89,0.48,0.84,0.77,0.78,0.92,industrial,waste,high,14,low-toxicity,mixed,0.26,0
0,15,2,recyclers,40.47,99.33,17,2,0.84,0.96,0.35,0.86,0.56,0.74,0.95,waste-zone,new,0.4882750274009743,18,low-toxicity,mixed,0.43,0.111
0,15,1,recyclers,45.01,100,15,4,0.91,0.75,0.38,0.93,0.65,0.71,0.62,natural,waste,high,5,low-toxicity,mixed,0.05,0
0,15,6,wastefuls,29.24,100,23,1,0.95,0.39,0.99,0.52,0.35,0.24,0.95,waste-zone,waste,high,19,high-toxicity,none,0.48,0
0,15,5,wastefuls,28.85,100,16,2,0.97,0.39,0.94,0.22,0.59,0.44,0.72,waste-zone,new,high,9,high-toxicity,none,0.54,0
0,15,9,wastefuls,29.39,100,20,1,0.97,0.37,0.87,0.26,0.25,0.37,0.77,waste-zone,waste,high,17,high-toxicity,none,0.06,0
0,15,4,recyclers,31.52,99.33,19,2,0.96,0.75,0.39,0.91,0.68,0.84,0.92,waste-zone,waste,high,16,low-toxicity,mixed,0.68,0.111
0,15,3,recyclers,46.19,100,18,2,0.88,0.69,0.41,0.97,0.64,0.8,0.51,natural,waste,high,3,low-toxicity,mixed,0.77,0
0,15,7,wastefuls,36.61,100,17.36,2,1,0.31,0.7,0.33,0.46,0.32,0.87,natural,waste,high,4,high-toxicity,none,0.31,0
0,15,8,wastefuls,37.42,100,17.36,1,0.98,0.26,0.96,0.6,0.44,0.22,0.72,natural,waste,low,11,high-toxicity,none,0.42,0
0,16,4,recyclers,30.43,99.33,19,2,0.96,0.75,0.39,0.91,0.68,0.84,0.92,waste-zone,new,low,6,low-toxicity,mixed,0.68,0.111
0,16,6,wastefuls,29.19,100,23,1,0.95,0.39,0.99,0.52,0.35,0.24,0.95,waste-zone,waste,high,19,high-toxicity,none,0.48,0
0,16,9,wastefuls,29.35,100,20,1,0.97,0.37,0.87,0.26,0.25,0.37,0.77,waste-zone,waste,high,17,high-toxicity,none,0.06,0
0,16,0,recyclers,27.44,100,18,2,0.87,0.89,0.48,0.84,0.77,0.78,0.92,industrial,waste,high,14,low-toxicity,mixed,0.26,0
0,16,2,recyclers,44.38,99.33,17,2,0.84,0.96,0.35,0.86,0.56,0.74,0.95,waste-zone,waste,high,18,low-toxicity,mixed,0.43,0.111
0,16,7,wastefuls,35.52,100,17.36,2,1,0.31,0.7,0.33,0.46,0.32,0.87,waste-zone,new,0.7340882816204723,3,high-toxicity,none,0.31,0
0,16,1,recyclers,43.89,100,15,4,0.91,0.75,0.38,0.93,0.65,0.71,0.62,waste-zone,new,0.569631278487431,6,low-toxicity,mixed,0.05,0
0,16,8,wastefuls,34.39,100,18.23,1,1,0.26,0.96,0.6,0.44,0.22,0.72,natural,waste,low,16,high-toxicity,none,0.42,0
0,16,5,wastefuls,32.78,100,16,2,0.97,0.39,0.94,0.22,0.59,0.44,0.72,waste-zone,waste,low,9,high-toxicity,none,0.54,0
0,16,3,recyclers,45.13,100,18,2,0.88,0.69,0.41,0.97,0.64,0.8,0.51,natural,new,0.15237272241168964,14,low-toxicity,mixed,0.77,0
0,17,0,recyclers,27.35,100,18,2,0.87,0.89,0.48,0.84,0.77,0.78,0.92,industrial,waste,high,14,low-toxicity,mixed,0.26,0
0,17,8,wastefuls,33.35,100,18.23,1,1,0.26,0.96,0.6,0.44,0.22,0.72,industrial,new,0.7610151133747627,4,high-toxicity,none,0.42,0
0,17,4,recyclers,34.34,99.33,19,2,0.96,0.75,0.39,0.91,0.68,0.84,0.92,waste-zone,waste,high,6,low-toxicity,mixed,0.68,0.111
0,17,7,wastefuls,39.43,100,17.36,2,1,0.31,0.7,0.33,0.46,0.32,0.87,waste-zone,waste,low,3,high-toxicity,none,0.31,0
0,17,5,wastefuls,31.71,100,16,2,0.97,0.39,0.94,0.22,0.59,0.44,0.72,industrial,new,0.3232523268830494,18,high-toxicity,none,0.54,0
0,17,1,recyclers,47.76,100,15,4,0.91,0.75,0.38,0.93,0.65,0.71,0.62,waste-zone,waste,low,6,low-toxicity,mixed,0.05,0
0,17,6,wastefuls,29.15,100,23,1,0.95,0.39,0.99,0.52,0.35,0.24,0.95,waste-zone,waste,high,19,high-toxicity,none,0.48,0
0,17,3,recyclers,49.08,100,18,2,0.88,0.69,0.41,0.97,0.64,0.8,0.51,natural,waste,low,14,low-toxicity,mixed,0.77,0
0,17,2,recyclers,43.28,99.33,17,2,0.84,0.96,0.35,0.86,0.56,0.74,0.95,industrial,new,0.014395598998777848,6,low-toxicity,mixed,0.43,0.111
0,17,9,wastefuls,29.31,100,20,1,0.97,0.37,0.87,0.26,0.25,0.37,0.77,waste-zone,waste,high,17,high-toxicity,none,0.06,0
0,18,9,wastefuls,29.27,100,20,1,0.97,0.37,0.87,0.26,0.25,0.37,0.77,waste-zone,waste,high,17,high-toxicity,none,0.06,0
0,18,2,recyclers,47.19,99.33,17,2,0.84,0.96,0.35,0.86,0.56,0.74,0.95,industrial,waste,low,6,low-toxicity,mixed,0.43,0.111
0,18,4,recyclers,33.25,99.33,19,2,0.96,0.75,0.39,0.91,0.68,0.84,0.92,natural,new,0.6437417675985427,15,low-toxicity,mixed,0.68,0.111
0,18,5,wastefuls,35.64,100,16,2,0.97,0.39,0.94,0.22,0.59,0.44,0.72,industrial,new,low,18,high-toxicity,none,0.54,0
0,18,7,wastefuls,38.34,100,17.36,2,1,0.31,0.7,0.33,0.46,0.32,0.87,natural,new,0.14026648683176302,11,high-toxicity,none,0.31,0
0,18,6,wastefuls,29.1,100,23,1,0.95,0.39,0.99,0.52,0.35,0.24,0.95,waste-zone,waste,high,19,high-toxicity,none,0.48,0
0,18,8,wastefuls,37.32,100,18.23,1,1,0.26,0.96,0.6,0.44,0.22,0.72,industrial,waste,low,4,high-toxicity,none,0.42,0
0,18,1,recyclers,46.64,100,15,4,0.91,0.75,0.38,0.93,0.65,0.71,0.62,waste-zone,new,0.0995599062099003,11,low-toxicity,mixed,0.05,0
0,18,3,recyclers,48.03,100,18,2,0.88,0.69,0.41,0.97,0.64,0.8,0.51,natural,new,0.2649843140456698,10,low-toxicity,mixed,0.77,0
0,18,0,recyclers,27.26,100,18,2,0.87,0.89,0.48,0.84,0.77,0.78,0.92,industrial,waste,high,14,low-toxicity,mixed,0.26,0
0,19,8,wastefuls,34.28,100,19.14,1,1,0.26,0.96,0.6,0.44,0.22,0.72,industrial,waste,low,9,high-toxicity,none,0.42,0
0,19,6,wastefuls,29.05,100,23,1,0.95,0.39,0.99,0.52,0.35,0.24,0.95,waste-zone,waste,high,19,high-toxicity,none,0.48,0
0,19,2,recyclers,46.09,99.33,17,2,0.84,0.96,0.35,0.86,0.56,0.74,0.95,industrial,new,0.8595768543731752,1,low-toxicity,mixed,0.43,0.111
0,19,1,recyclers,46.51,100,15,4,0.91,0.75,0.38,0.93,0.65,0.71,0.62,waste-zone,new,0.0995599062099003,11,low-toxicity,mixed,0.05,0
0,19,0,recyclers,27.17,100,18,2,0.87,0.89,0.48,0.84,0.77,0.78,0.92,industrial,waste,high,14,low-toxicity,mixed,0.26,0
0,19,3,recyclers,47.98,100,18,2,0.88,0.69,0.41,0.97,0.64,0.8,0.51,natural,new,0.2649843140456698,10,low-toxicity,mixed,0.77,0
0,19,9,wastefuls,29.23,100,20,1,0.97,0.37,0.87,0.26,0.25,0.37,0.77,waste-zone,waste,high,17,high-toxicity,none,0.06,0
0,19,7,wastefuls,42.26,100,17.36,2,1,0.31,0.7,0.33,0.46,0.32,0.87,natural,waste,low,11,high-toxicity,none,0.31,0
0,19,5,wastefuls,39.57,100,16,2,0.97,0.39,0.94,0.22,0.59,0.44,0.72,industrial,waste,low,18,high-toxicity,none,0.54,0
0,19,4,recyclers,37.15,99.33,19,2,0.96,0.75,0.39,0.91,0.68,0.84,0.92,natural,waste,low,15,low-toxicity,mixed,0.68,0.111
0,20,9,wastefuls,29.19,100,20,1,0.97,0.37,0.87,0.26,0.25,0.37,0.77,waste-zone,waste,high,17,high-toxicity,none,0.06,0
0,20,2,recyclers,46,99.33,17,2,0.84,0.96,0.35,0.86,0.56,0.74,0.95,industrial,new,0.8595768543731752,1,low-toxicity,mixed,0.43,0.111
0,20,3,recyclers,47.93,100,18,2,0.88,0.69,0.41,0.97,0.64,0.8,0.51,natural,new,0.2649843140456698,10,low-toxicity,mixed,0.77,0
0,20,1,recyclers,46.39,100,15,4,0.91,0.75,0.38,0.93,0.65,0.71,0.62,waste-zone,new,0.0995599062099003,11,low-toxicity,mixed,0.05,0
0,20,7,wastefuls,39.17,100,18.23,2,1,0.31,0.7,0.33,0.46,0.32,0.87,natural,waste,low,16,high-toxicity,none,0.31,0
0,20,0,recyclers,27.08,100,18,2,0.87,0.89,0.48,0.84,0.77,0.78,0.92,industrial,waste,high,14,low-toxicity,mixed,0.26,0
0,20,5,wastefuls,36.5,100,16.8,2,0.99,0.39,0.94,0.22,0.59,0.44,0.72,industrial,waste,low,23,high-toxicity,none,0.54,0
0,20,4,recyclers,37.06,99.33,19,2,0.96,0.75,0.39,0.91,0.68,0.84,0.92,natural,waste,low,15,low-toxicity,mixed,0.68,0.111
0,20,6,wastefuls,29,100,23,1,0.95,0.39,0.99,0.52,0.35,0.24,0.95,waste-zone,waste,high,19,high-toxicity,none,0.48,0
0,20,8,wastefuls,33.24,100,19.14,1,1,0.26,0.96,0.6,0.44,0.22,0.72,industrial,new,0.911719137860221,4,high-toxicity,none,0.42,0
0,21,7,wastefuls,36.08,100,19.14,2,1,0.31,0.7,0.33,0.46,0.32,0.87,natural,waste,low,21,high-toxicity,none,0.31,0
0,21,9,wastefuls,29.16,100,20,1,0.97,0.37,0.87,0.26,0.25,0.37,0.77,waste-zone,waste,high,17,high-toxicity,none,0.06,0
0,21,3,recyclers,47.88,100,18,2,0.88,0.69,0.41,0.97,0.64,0.8,0.51,natural,new,0.2649843140456698,10,low-toxicity,mixed,0.77,0
0,21,5,wastefuls,33.42,100,17.64,2,1,0.39,0.94,0.22,0.59,0.44,0.72,industrial,waste,low,28,high-toxicity,none,0.54,0
0,21,6,wastefuls,28.96,100,23,1,0.95,0.39,0.99,0.52,0.35,0.24,0.95,waste-zone,waste,high,19,high-toxicity,none,0.48,0
0,21,8,wastefuls,37.21,100,19.14,1,1,0.26,0.96,0.6,0.44,0.22,0.72,industrial,waste,high,4,high-toxicity,none,0.42,0
0,21,1,recyclers,46.26,100,15,4,0.91,0.75,0.38,0.93,0.65,0.71,0.62,waste-zone,new,0.0995599062099003,11,low-toxicity,mixed,0.05,0
0,21,4,recyclers,36.97,99.33,19,2,0.96,0.75,0.39,0.91,0.68,0.84,0.92,natural,waste,low,15,low-toxicity,mixed,0.68,0.111
0,21,2,recyclers,49.9,99.33,17,2,0.84,0.96,0.35,0.86,0.56,0.74,0.95,industrial,waste,high,1,low-toxicity,mixed,0.43,0.111
0,21,0,recyclers,26.98,100,18,2,0.87,0.89,0.48,0.84,0.77,0.78,0.92,industrial,waste,high,14,low-toxicity,mixed,0.26,0
0,22,2,recyclers,48.8,99.33,17,2,0.84,0.96,0.35,0.86,0.56,0.74,0.95,waste-zone,new,0.2310006968482634,13,low-toxicity,mixed,0.43,0.111
0,22,6,wastefuls,28.91,100,23,1,0.95,0.39,0.99,0.52,0.35,0.24,0.95,waste-zone,waste,high,19,high-toxicity,none,0.48,0
0,22,4,recyclers,36.88,99.33,19,2,0.96,0.75,0.39,0.91,0.68,0.84,0.92,natural,waste,low,15,low-toxicity,mixed,0.68,0.111
0,22,8,wastefuls,34.17,100,20.1,1,1,0.26,0.96,0.6,0.44,0.22,0.72,industrial,waste,high,9,high-toxicity,none,0.42,0
0,22,1,recyclers,46.14,100,15,4,0.91,0.75,0.38,0.93,0.65,0.71,0.62,waste-zone,new,0.0995599062099003,11,low-toxicity,mixed,0.05,0
0,22,9,wastefuls,29.12,100,20,1,0.97,0.37,0.87,0.26,0.25,0.37,0.77,waste-zone,waste,high,17,high-toxicity,none,0.06,0
0,22,3,recyclers,47.83,100,18,2,0.88,0.69,0.41,0.97,0.64,0.8,0.51,natural,new,0.2649843140456698,10,low-toxicity,mixed,0.77,0
0,22,5,wastefuls,32.35,100,17.64,2,1,0.39,0.94,0.22,0.59,0.44,0.72,waste-zone,new,0.8674343451610234,3,high-toxicity,none,0.54,0
0,22,0,recyclers,26.89,100,18,2,0.87,0.89,0.48,0.84,0.77,0.78,0.92,industrial,waste,high,14,low-toxicity,mixed,0.26,0
0,22,7,wastefuls,32.99,100,20.1,2,1,0.31,0.7,0.33,0.46,0.32,0.87,natural,waste,low,26,high-toxicity,none,0.31,0
0,23,9,wastefuls,29.08,100,20,1,0.97,0.37,0.87,0.26,0.25,0.37,0.77,waste-zone,waste,high,17,high-toxicity,none,0.06,0
0,23,4,recyclers,36.79,99.33,19,2,0.96,0.75,0.39,0.91,0.68,0.84,0.92,natural,waste,low,15,low-toxicity,mixed,0.68,0.111
0,23,8,wastefuls,33.14,100,20.1,1,1,0.26,0.96,0.6,0.44,0.22,0.72,waste-zone,new,0.045634554858021814,6,high-toxicity,none,0.42,0
0,23,1,recyclers,46.02,100,15,4,0.91,0.75,0.38,0.93,0.65,0.71,0.62,waste-zone,new,0.0995599062099003,11,low-toxicity,mixed,0.05,0
0,23,6,wastefuls,28.86,100,23,1,0.95,0.39,0.99,0.52,0.35,0.24,0.95,waste-zone,waste,high,19,high-toxicity,none,0.48,0
0,23,5,wastefuls,36.28,100,17.64,2,1,0.39,0.94,0.22,0.59,0.44,0.72,waste-zone,waste,high,3,high-toxicity,none,0.54,0
0,23,3,recyclers,47.78,100,18,2,0.88,0.69,0.41,0.97,0.64,0.8,0.51,natural,new,0.2649843140456698,10,low-toxicity,mixed,0.77,0
0,23,7,wastefuls,31.91,100,20.1,2,1,0.31,0.7,0.33,0.46,0.32,0.87,waste-zone,new,0.2519252562442522,6,high-toxicity,none,0.31,0
0,23,2,recyclers,48.71,99.33,17,2,0.84,0.96,0.35,0.86,0.56,0.74,0.95,waste-zone,new,0.2310006968482634,13,low-toxicity,mixed,0.43,0.111
0,23,0,recyclers,26.8,100,18,2,0.87,0.89,0.48,0.84,0.77,0.78,0.92,industrial,waste,high,14,low-toxicity,mixed,0.26,0
0,24,1,recyclers,45.89,100,15,4,0.91,0.75,0.38,0.93,0.65,0.71,0.62,waste-zone,new,0.0995599062099003,11,low-toxicity,mixed,0.05,0
0,24,4,recyclers,36.69,99.33,19,2,0.96,0.75,0.39,0.91,0.68,0.84,0.92,natural,new,low,15,low-toxicity,mixed,0.68,0.111
0,24,2,recyclers,48.61,99.33,17,2,0.84,0.96,0.35,0.86,0.56,0.74,0.95,waste-zone,new,0.2310006968482634,13,low-toxicity,mixed,0.43,0.111
0,24,5,wastefuls,33.21,100,18.52,2,1,0.39,0.94,0.22,0.59,0.44,0.72,waste-zone,waste,high,8,high-toxicity,none,0.54,0
0,24,8,wastefuls,37.1,100,20.1,1,1,0.26,0.96,0.6,0.44,0.22,0.72,waste-zone,waste,low,6,high-toxicity,none,0.42,0
0,24,6,wastefuls,28.82,100,23,1,0.95,0.39,0.99,0.52,0.35,0.24,0.95,waste-zone,waste,high,19,high-toxicity,none,0.48,0
0,24,0,recyclers,26.71,100,18,2,0.87,0.89,0.48,0.84,0.77,0.78,0.92,industrial,waste,high,14,low-toxicity,mixed,0.26,0
0,24,3,recyclers,47.73,100,18,2,0.88,0.69,0.41,0.97,0.64,0.8,0.51,natural,new,0.2649843140456698,10,low-toxicity,mixed,0.77,0
0,24,9,wastefuls,29.04,100,20,1,0.97,0.37,0.87,0.26,0.25,0.37,0.77,waste-zone,waste,high,17,high-toxicity,none,0.06,0
0,24,7,wastefuls,35.82,100,20.1,2,1,0.31,0.7,0.33,0.46,0.32,0.87,waste-zone,waste,high,6,high-toxicity,none,0.31,0
0,25,4,recyclers,40.6,99.33,19,2,0.96,0.75,0.39,0.91,0.68,0.84,0.92,natural,waste,high,15,low-toxicity,mixed,0.68,0.111
0,25,1,recyclers,49.77,100,15,4,0.91,0.75,0.38,0.93,0.65,0.71,0.62,waste-zone,waste,high,11,low-toxicity,mixed,0.05,0
0,25,9,wastefuls,29,100,20,1,0.97,0.37,0.87,0.26,0.25,0.37,0.77,waste-zone,waste,high,17,high-toxicity,none,0.06,0
0,25,8,wastefuls,34.06,100,21.11,1,1,0.26,0.96,0.6,0.44,0.22,0.72,waste-zone,waste,low,11,high-toxicity,none,0.42,0
0,25,0,recyclers,26.62,100,18,2,0.87,0.89,0.48,0.84,0.77,0.78,0.92,industrial,waste,high,14,low-toxicity,mixed,0.26,0
0,25,5,wastefuls,32.14,100,18.52,2,1,0.39,0.94,0.22,0.59,0.44,0.72,natural,new,0.4356859760369939,1,high-toxicity,none,0.54,0
0,25,6,wastefuls,28.77,100,23,1,0.95,0.39,0.99,0.52,0.35,0.24,0.95,waste-zone,waste,high,19,high-toxicity,none,0.48,0
0,25,7,wastefuls,32.73,100,21.11,2,1,0.31,0.7,0.33,0.46,0.32,0.87,waste-zone,waste,high,11,high-toxicity,none,0.31,0
0,25,2,recyclers,48.52,99.33,17,2,0.84,0.96,0.35,0.86,0.56,0.74,0.95,waste-zone,new,0.2310006968482634,13,low-toxicity,mixed,0.43,0.111
0,25,3,recyclers,47.68,100,18,2,0.88,0.69,0.41,0.97,0.64,0.8,0.51,natural,new,0.2649843140456698,10,low-toxicity,mixed,0.77,0
0,26,3,recyclers,47.62,100,18,2,0.88,0.69,0.41,0.97,0.64,0.8,0.51,natural,new,0.2649843140456698,10,low-toxicity,mixed,0.77,0
0,26,0,recyclers,26.53,100,18,2,0.87,0.89,0.48,0.84,0.77,0.78,0.92,industrial,waste,high,14,low-toxicity,mixed,0.26,0
0,26,2,recyclers,48.42,99.33,17,2,0.84,0.96,0.35,0.86,0.56,0.74,0.95,waste-zone,new,0.2310006968482634,13,low-toxicity,mixed,0.43,0.111
0,26,5,wastefuls,36.07,100,18.52,2,1,0.39,0.94,0.22,0.59,0.44,0.72,natural,waste,low,1,high-toxicity,none,0.54,0
0,26,9,wastefuls,28.96,100,20,1,0.97,0.37,0.87,0.26,0.25,0.37,0.77,waste-zone,waste,high,17,high-toxicity,none,0.06,0
0,26,4,recyclers,39.51,99.33,19,2,0.96,0.75,0.39,0.91,0.68,0.84,0.92,industrial,new,0.4135299181048928,19,low-toxicity,mixed,0.68,0.111
0,26,8,wastefuls,33.03,100,21.11,1,1,0.26,0.96,0.6,0.44,0.22,0.72,natural,new,0.26377085848257953,8,high-toxicity,none,0.42,0
0,26,6,wastefuls,28.72,100,23,1,0.95,0.39,0.99,0.52,0.35,0.24,0.95,waste-zone,waste,high,19,high-toxicity,none,0.48,0
0,26,1,recyclers,48.64,100,15,4,0.91,0.75,0.38,0.93,0.65,0.71,0.62,industrial,new,0.6836757216765367,7,low-toxicity,mixed,0.05,0
0,26,7,wastefuls,31.65,100,21.11,2,1,0.31,0.7,0.33,0.46,0.32,0.87,waste-zone,new,0.2432850656243578,6,high-toxicity,none,0.31,0
0,27,8,wastefuls,36.99,100,21.11,1,1,0.26,0.96,0.6,0.44,0.22,0.72,natural,waste,high,8,high-toxicity,none,0.42,0
0,27,5,wastefuls,32.99,100,19.45,2,1,0.39,0.94,0.22,0.59,0.44,0.72,natural,waste,low,6,high-toxicity,none,0.54,0
0,27,6,wastefuls,28.67,100,23,1,0.95,0.39,0.99,0.52,0.35,0.24,0.95,waste-zone,waste,high,19,high-toxicity,none,0.48,0
0,27,7,wastefuls,35.56,100,21.11,2,1,0.31,0.7,0.33,0.46,0.32,0.87,waste-zone,waste,high,6,high-toxicity,none,0.31,0
0,27,9,wastefuls,28.92,100,20,1,0.97,0.37,0.87,0.26,0.25,0.37,0.77,waste-zone,waste,high,17,high-toxicity,none,0.06,0
0,27,1,recyclers,48.52,100,15,4,0.91,0.75,0.38,0.93,0.65,0.71,0.62,industrial,new,0.6836757216765367,7,low-toxicity,mixed,0.05,0
0,27,2,recyclers,48.33,99.33,17,2,0.84,0.96,0.35,0.86,0.56,0.74,0.95,waste-zone,new,0.2310006968482634,13,low-toxicity,mixed,0.43,0.111
0,27,0,recyclers,26.43,100,18,2,0.87,0.89,0.48,0.84,0.77,0.78,0.92,industrial,waste,high,14,low-toxicity,mixed,0.26,0
0,27,3,recyclers,47.57,100,18,2,0.88,0.69,0.41,0.97,0.64,0.8,0.51,natural,new,0.2649843140456698,10,low-toxicity,mixed,0.77,0
0,27,4,recyclers,43.42,99.33,19,2,0.96,0.75,0.39,0.91,0.68,0.84,0.92,industrial,waste,low,19,low-toxicity,mixed,0.68,0.111
0,28,7,wastefuls,32.47,100,22.16,2,1,0.31,0.7,0.33,0.46,0.32,0.87,waste-zone,waste,high,11,high-toxicity,none,0.31,0
0,28,8,wastefuls,33.96,100,22.16,1,1,0.26,0.96,0.6,0.44,0.22,0.72,natural,waste,high,13,high-toxicity,none,0.42,0
0,28,6,wastefuls,28.63,100,23,1,0.95,0.39,0.99,0.52,0.35,0.24,0.95,waste-zone,waste,high,19,high-toxicity,none,0.48,0
0,28,0,recyclers,26.34,100,18,2,0.87,0.89,0.48,0.84,0.77,0.78,0.92,industrial,waste,high,14,low-toxicity,mixed,0.26,0
0,28,1,recyclers,48.39,100,15,4,0.91,0.75,0.38,0.93,0.65,0.71,0.62,industrial,new,0.6836757216765367,7,low-toxicity,mixed,0.05,0
0,28,9,wastefuls,28.89,100,20,1,0.97,0.37,0.87,0.26,0.25,0.37,0.77,waste-zone,waste,high,17,high-toxicity,none,0.06,0
0,28,4,recyclers,43.32,99.33,19,2,0.96,0.75,0.39,0.91,0.68,0.84,0.92,industrial,waste,low,19,low-toxicity,mixed,0.68,0.111
0,28,2,recyclers,48.23,99.33,17,2,0.84,0.96,0.35,0.86,0.56,0.74,0.95,waste-zone,new,0.2310006968482634,13,low-toxicity,mixed,0.43,0.111
0,28,3,recyclers,47.52,100,18,2,0.88,0.69,0.41,0.97,0.64,0.8,0.51,natural,new,0.2649843140456698,10,low-toxicity,mixed,0.77,0
0,28,5,wastefuls,31.92,100,19.45,2,1,0.39,0.94,0.22,0.59,0.44,0.72,waste-zone,new,0.6786526766596326,10,high-toxicity,none,0.54,0
0,29,2,recyclers,48.14,99.33,17,2,0.84,0.96,0.35,0.86,0.56,0.74,0.95,waste-zone,new,0.2310006968482634,13,low-toxicity,mixed,0.43,0.111
0,29,8,wastefuls,32.92,100,22.16,1,1,0.26,0.96,0.6,0.44,0.22,0.72,waste-zone,new,0.4485463666776728,16,high-toxicity,none,0.42,0
0,29,5,wastefuls,35.85,100,19.45,2,1,0.39,0.94,0.22,0.59,0.44,0.72,waste-zone,waste,high,10,high-toxicity,none,0.54,0
0,29,4,recyclers,43.23,99.33,19,2,0.96,0.75,0.39,0.91,0.68,0.84,0.92,industrial,waste,low,19,low-toxicity,mixed,0.68,0.111
0,29,6,wastefuls,28.58,100,23,1,0.95,0.39,0.99,0.52,0.35,0.24,0.95,waste-zone,waste,high,19,high-toxicity,none,0.48,0
0,29,3,recyclers,47.47,100,18,2,0.88,0.69,0.41,0.97,0.64,0.8,0.51,natural,new,0.2649843140456698,10,low-toxicity,mixed,0.77,0
0,29,0,recyclers,26.25,100,18,2,0.87,0.89,0.48,0.84,0.77,0.78,0.92,industrial,waste,high,14,low-toxicity,mixed,0.26,0
0,29,9,wastefuls,28.85,100,20,1,0.97,0.37,0.87,0.26,0.25,0.37,0.77,waste-zone,waste,high,17,high-toxicity,none,0.06,0
0,29,7,wastefuls,31.38,100,22.16,2,1,0.31,0.7,0.33,0.46,0.32,0.87,waste-zone,new,0.5365654761612052,6,high-toxicity,none,0.31,0
0,29,1,recyclers,48.27,100,15,4,0.91,0.75,0.38,0.93,0.65,0.71,0.62,industrial,new,0.6836757216765367,7,low-toxicity,mixed,0.05,0
0,30,2,recyclers,48.04,99.33,17,2,0.84,0.96,0.35,0.86,0.56,0.74,0.95,waste-zone,new,0.2310006968482634,13,low-toxicity,mixed,0.43,0.111
0,30,0,recyclers,26.16,100,18,2,0.87,0.89,0.48,0.84,0.77,0.78,0.92,industrial,waste,high,14,low-toxicity,mixed,0.26,0
0,30,7,wastefuls,35.3,100,22.16,2,1,0.31,0.7,0.33,0.46,0.32,0.87,waste-zone,waste,low,6,high-toxicity,none,0.31,0
0,30,8,wastefuls,36.88,100,22.16,1,1,0.26,0.96,0.6,0.44,0.22,0.72,waste-zone,waste,low,16,high-toxicity,none,0.42,0
0,30,4,recyclers,43.14,99.33,19,2,0.96,0.75,0.39,0.91,0.68,0.84,0.92,industrial,waste,low,19,low-toxicity,mixed,0.68,0.111
0,30,1,recyclers,48.14,100,15,4,0.91,0.75,0.38,0.93,0.65,0.71,0.62,industrial,new,0.6836757216765367,7,low-toxicity,mixed,0.05,0
0,30,5,wastefuls,32.78,100,20.42,2,1,0.39,0.94,0.22,0.59,0.44,0.72,waste-zone,waste,high,15,high-toxicity,none,0.54,0
0,30,3,recyclers,47.42,100,18,2,0.88,0.69,0.41,0.97,0.64,0.8,0.51,natural,new,0.2649843140456698,10,low-toxicity,mixed,0.77,0
0,30,9,wastefuls,28.81,100,20,1,0.97,0.37,0.87,0.26,0.25,0.37,0.77,waste-zone,waste,high,17,high-toxicity,none,0.06,0
0,30,6,wastefuls,28.53,100,23,1,0.95,0.39,0.99,0.52,0.35,0.24,0.95,waste-zone,waste,high,19,high-toxicity,none,0.48,0
0,31,1,recyclers,48.02,100,15,4,0.91,0.75,0.38,0.93,0.65,0.71,0.62,industrial,new,0.6836757216765367,7,low-toxicity,mixed,0.05,0
0,31,8,wastefuls,33.85,100,23.27,1,1,0.26,0.96,0.6,0.44,0.22,0.72,waste-zone,waste,low,21,high-toxicity,none,0.42,0
0,31,0,recyclers,26.07,100,18,2,0.87,0.89,0.48,0.84,0.77,0.78,0.92,industrial,waste,high,14,low-toxicity,mixed,0.26,0
0,31,2,recyclers,47.94,99.33,17,2,0.84,0.96,0.35,0.86,0.56,0.74,0.95,waste-zone,new,0.2310006968482634,13,low-toxicity,mixed,0.43,0.111
0,31,9,wastefuls,28.77,100,20,1,0.97,0.37,0.87,0.26,0.25,0.37,0.77,waste-zone,waste,high,17,high-toxicity,none,0.06,0
0,31,6,wastefuls,28.48,100,23,1,0.95,0.39,0.99,0.52,0.35,0.24,0.95,waste-zone,waste,high,19,high-toxicity,none,0.48,0
0,31,4,recyclers,43.05,99.33,19,2,0.96,0.75,0.39,0.91,0.68,0.84,0.92,industrial,waste,low,19,low-toxicity,mixed,0.68,0.111
0,31,3,recyclers,47.37,100,18,2,0.88,0.69,0.41,0.97,0.64,0.8,0.51,natural,new,0.2649843140456698,10,low-toxicity,mixed,0.77,0
0,31,5,wastefuls,31.71,100,20.42,2,1,0.39,0.94,0.22,0.59,0.44,0.72,industrial,new,0.5988801008990814,12,high-toxicity,none,0.54,0
0,31,7,wastefuls,32.21,100,23.27,2,1,0.31,0.7,0.33,0.46,0.32,0.87,waste-zone,waste,low,11,high-toxicity,none,0.31,0
0,32,8,wastefuls,32.81,100,23.27,1,1,0.26,0.96,0.6,0.44,0.22,0.72,waste-zone,new,0.15296807715244443,4,high-toxicity,none,0.42,0
0,32,3,recyclers,47.32,100,18,2,0.88,0.69,0.41,0.97,0.64,0.8,0.51,natural,new,0.2649843140456698,10,low-toxicity,mixed,0.77,0
0,32,0,recyclers,25.98,100,18,2,0.87,0.89,0.48,0.84,0.77,0.78,0.92,industrial,waste,high,14,low-toxicity,mixed,0.26,0
0,32,7,wastefuls,31.12,100,23.27,2,1,0.31,0.7,0.33,0.46,0.32,0.87,waste-zone,new,0.5986851085282128,3,high-toxicity,none,0.31,0
0,32,2,recyclers,47.85,99.33,17,2,0.84,0.96,0.35,0.86,0.56,0.74,0.95,waste-zone,new,0.2310006968482634,13,low-toxicity,mixed,0.43,0.111
0,32,5,wastefuls,35.64,100,20.42,2,1,0.39,0.94,0.22,0.59,0.44,0.72,industrial,waste,high,12,high-toxicity,none,0.54,0
0,32,4,recyclers,41.96,99.33,19,2,0.96,0.75,0.39,0.91,0.68,0.84,0.92,waste-zone,new,0.2310006968482634,13,low-toxicity,mixed,0.68,0.111
0,32,9,wastefuls,28.73,100,20,1,0.97,0.37,0.87,0.26,0.25,0.37,0.77,waste-zone,waste,high,17,high-toxicity,none,0.06,0
0,32,6,wastefuls,28.44,100,23,1,0.95,0.39,0.99,0.52,0.35,0.24,0.95,waste-zone,waste,high,19,high-toxicity,none,0.48,0
0,32,1,recyclers,47.9,100,15,4,0.91,0.75,0.38,0.93,0.65,0.71,0.62,industrial,new,0.6836757216765367,7,low-toxicity,mixed,0.05,0
0,33,8,wastefuls,36.78,100,23.27,1,1,0.26,0.96,0.6,0.44,0.22,0.72,waste-zone,waste,low,4,high-toxicity,none,0.42,0
0,33,9,wastefuls,28.69,100,20,1,0.97,0.37,0.87,0.26,0.25,0.37,0.77,waste-zone,waste,high,17,high-toxicity,none,0.06,0
0,33,2,recyclers,47.75,99.33,17,2,0.84,0.96,0.35,0.86,0.56,0.74,0.95,waste-zone,waste,high,13,low-toxicity,mixed,0.43,0.111
0,33,0,recyclers,25.88,100,18,2,0.87,0.89,0.48,0.84,0.77,0.78,0.92,industrial,waste,high,14,low-toxicity,mixed,0.26,0
0,33,7,wastefuls,35.04,100,23.27,2,1,0.31,0.7,0.33,0.46,0.32,0.87,waste-zone,waste,high,3,high-toxicity,none,0.31,0
0,33,5,wastefuls,32.57,100,21.44,2,1,0.39,0.94,0.22,0.59,0.44,0.72,industrial,waste,high,17,high-toxicity,none,0.54,0
0,33,3,recyclers,47.27,100,18,2,0.88,0.69,0.41,0.97,0.64,0.8,0.51,natural,new,0.2649843140456698,10,low-toxicity,mixed,0.77,0
0,33,4,recyclers,45.86,99.33,19,2,0.96,0.75,0.39,0.91,0.68,0.84,0.92,waste-zone,waste,high,13,low-toxicity,mixed,0.68,0.111
0,33,6,wastefuls,28.39,100,23,1,0.95,0.39,0.99,0.52,0.35,0.24,0.95,waste-zone,waste,high,19,high-toxicity,none,0.48,0
0,33,1,recyclers,47.77,100,15,4,0.91,0.75,0.38,0.93,0.65,0.71,0.62,industrial,new,0.6836757216765367,7,low-toxicity,mixed,0.05,0
0,34,7,wastefuls,31.95,100,24.43,2,1,0.31,0.7,0.33,0.46,0.32,0.87,waste-zone,waste,high,8,high-toxicity,none,0.31,0
0,34,2,recyclers,46.66,99.33,17,2,0.84,0.96,0.35,0.86,0.56,0.74,0.95,natural,new,0.5321095142530513,18,low-toxicity,mixed,0.43,0.111
0,34,0,recyclers,25.79,100,18,2,0.87,0.89,0.48,0.84,0.77,0.78,0.92,industrial,waste,high,14,low-toxicity,mixed,0.26,0
0,34,5,wastefuls,31.49,100,21.44,2,1,0.39,0.94,0.22,0.59,0.44,0.72,natural,new,0.5965064044230374,9,high-toxicity,none,0.54,0
0,34,8,wastefuls,33.74,100,24.43,1,1,0.26,0.96,0.6,0.44,0.22,0.72,waste-zone,waste,low,9,high-toxicity,none,0.42,0
0,34,3,recyclers,47.22,100,18,2,0.88,0.69,0.41,0.97,0.64,0.8,0.51,natural,new,0.2649843140456698,10,low-toxicity,mixed,0.77,0
0,34,4,recyclers,45.77,99.33,19,2,0.96,0.75,0.39,0.91,0.68,0.84,0.92,waste-zone,waste,high,13,low-toxicity,mixed,0.68,0.111
0,34,6,wastefuls,28.34,100,23,1,0.95,0.39,0.99,0.52,0.35,0.24,0.95,waste-zone,waste,high,19,high-toxicity,none,0.48,0
0,34,1,recyclers,47.65,100,15,4,0.91,0.75,0.38,0.93,0.65,0.71,0.62,industrial,new,0.6836757216765367,7,low-toxicity,mixed,0.05,0
0,34,9,wastefuls,28.66,100,20,1,0.97,0.37,0.87,0.26,0.25,0.37,0.77,waste-zone,waste,high,17,high-toxicity,none,0.06,0
0,35,3,recyclers,47.17,100,18,2,0.88,0.69,0.41,0.97,0.64,0.8,0.51,natural,new,0.2649843140456698,10,low-toxicity,mixed,0.77,0
0,35,0,recyclers,25.7,100,18,2,0.87,0.89,0.48,0.84,0.77,0.78,0.92,industrial,waste,high,14,low-toxicity,mixed,0.26,0
0,35,2,recyclers,46.56,99.33,17,2,0.84,0.96,0.35,0.86,0.56,0.74,0.95,natural,new,0.5321095142530513,18,low-toxicity,mixed,0.43,0.111
0,35,6,wastefuls,28.29,100,23,1,0.95,0.39,0.99,0.52,0.35,0.24,0.95,waste-zone,waste,high,19,high-toxicity,none,0.48,0
0,35,5,wastefuls,35.42,100,21.44,2,1,0.39,0.94,0.22,0.59,0.44,0.72,natural,waste,low,9,high-toxicity,none,0.54,0
0,35,1,recyclers,47.52,100,15,4,0.91,0.75,0.38,0.93,0.65,0.71,0.62,industrial,new,0.6836757216765367,7,low-toxicity,mixed,0.05,0
0,35,8,wastefuls,32.7,100,24.43,1,1,0.26,0.96,0.6,0.44,0.22,0.72,waste-zone,new,0.6320249761418049,11,high-toxicity,none,0.42,0
0,35,9,wastefuls,28.62,100,20,1,0.97,0.37,0.87,0.26,0.25,0.37,0.77,waste-zone,waste,high,17,high-toxicity,none,0.06,0
0,35,7,wastefuls,30.86,100,24.43,2,1,0.31,0.7,0.33,0.46,0.32,0.87,natural,new,0.569538757013017,14,high-toxicity,none,0.31,0
0,35,4,recyclers,45.68,99.33,19,2,0.96,0.75,0.39,0.91,0.68,0.84,0.92,waste-zone,waste,high,13,low-toxicity,mixed,0.68,0.111
0,36,1,recyclers,47.4,100,15,4,0.91,0.75,0.38,0.93,0.65,0.71,0.62,industrial,new,0.6836757216765367,7,low-toxicity,mixed,0.05,0
0,36,4,recyclers,44.59,99.33,19,2,0.96,0.75,0.39,0.91,0.68,0.84,0.92,natural,new,0.5321095142530513,18,low-toxicity,mixed,0.68,0.111
0,36,7,wastefuls,34.77,100,24.43,2,1,0.31,0.7,0.33,0.46,0.32,0.87,natural,waste,low,14,high-toxicity,none,0.31,0
0,36,3,recyclers,47.12,100,18,2,0.88,0.69,0.41,0.97,0.64,0.8,0.51,natural,new,0.2649843140456698,10,low-toxicity,mixed,0.77,0
0,36,8,wastefuls,36.67,100,24.43,1,1,0.26,0.96,0.6,0.44,0.22,0.72,waste-zone,waste,low,11,high-toxicity,none,0.42,0
0,36,0,recyclers,25.61,100,18,2,0.87,0.89,0.48,0.84,0.77,0.78,0.92,industrial,waste,high,14,low-toxicity,mixed,0.26,0
0,36,2,recyclers,46.47,99.33,17,2,0.84,0.96,0.35,0.86,0.56,0.74,0.95,natural,new,0.5321095142530513,18,low-toxicity,mixed,0.43,0.111
0,36,6,wastefuls,28.25,100,23,1,0.95,0.39,0.99,0.52,0.35,0.24,0.95,waste-zone,waste,high,19,high-toxicity,none,0.48,0
0,36,5,wastefuls,32.35,100,22.51,2,1,0.39,0.94,0.22,0.59,0.44,0.72,natural,waste,low,14,high-toxicity,none,0.54,0
0,36,9,wastefuls,28.58,100,20,1,0.97,0.37,0.87,0.26,0.25,0.37,0.77,waste-zone,waste,high,17,high-toxicity,none,0.06,0
0,37,5,wastefuls,31.28,100,22.51,2,1,0.39,0.94,0.22,0.59,0.44,0.72,natural,new,0.40467546092272777,9,high-toxicity,none,0.54,0
0,37,3,recyclers,47.06,100,18,2,0.88,0.69,0.41,0.97,0.64,0.8,0.51,natural,new,0.2649843140456698,10,low-toxicity,mixed,0.77,0
0,37,9,wastefuls,28.54,100,20,1,0.97,0.37,0.87,0.26,0.25,0.37,0.77,waste-zone,waste,high,17,high-toxicity,none,0.06,0
0,37,6,wastefuls,28.2,100,23,1,0.95,0.39,0.99,0.52,0.35,0.24,0.95,waste-zone,waste,high,19,high-toxicity,none,0.48,0
0,37,7,wastefuls,33.69,100,24.43,2,1,0.31,0.7,0.33,0.46,0.32,0.87,industrial,new,0.7282585770273897,19,high-toxicity,none,0.31,0
0,37,0,recyclers,25.52,100,18,2,0.87,0.89,0.48,0.84,0.77,0.78,0.92,industrial,waste,high,14,low-toxicity,mixed,0.26,0
0,37,2,recyclers,46.37,99.33,17,2,0.84,0.96,0.35,0.86,0.56,0.74,0.95,natural,waste,high,18,low-toxicity,mixed,0.43,0
0,37,4,recyclers,48.49,99.33,19,2,0.96,0.75,0.39,0.91,0.68,0.84,0.92,natural,waste,high,18,low-toxicity,mixed,0.68,0
0,37,8,wastefuls,33.63,100,25.66,1,1,0.26,0.96,0.6,0.44,0.22,0.72,waste-zone,waste,low,16,high-toxicity,none,0.42,0
0,37,1,recyclers,47.27,100,15,4,0.91,0.75,0.38,0.93,0.65,0.71,0.62,industrial,new,0.6836757216765367,7,low-toxicity,mixed,0.05,0
0,38,6,wastefuls,28.15,100,23,1,0.95,0.39,0.99,0.52,0.35,0.24,0.95,waste-zone,waste,high,19,high-toxicity,none,0.48,0
0,38,2,recyclers,45.28,99.33,17,2,0.84,0.96,0.35,0.86,0.56,0.74,0.95,industrial,new,0.8247418102275613,15,low-toxicity,mixed,0.43,0
0,38,4,recyclers,47.4,99.33,19,2,0.96,0.75,0.39,0.91,0.68,0.84,0.92,industrial,new,0.8247418102275613,15,low-toxicity,mixed,0.68,0
0,38,9,wastefuls,28.5,100,20,1,0.97,0.37,0.87,0.26,0.25,0.37,0.77,waste-zone,waste,high,17,high-toxicity,none,0.06,0
0,38,5,wastefuls,35.21,100,22.51,2,1,0.39,0.94,0.22,0.59,0.44,0.72,natural,waste,low,9,high-toxicity,none,0.54,0
0,38,1,recyclers,47.15,100,15,4,0.91,0.75,0.38,0.93,0.65,0.71,0.62,industrial,new,0.6836757216765367,7,low-toxicity,mixed,0.05,0
0,38,7,wastefuls,37.6,100,24.43,2,1,0.31,0.7,0.33,0.46,0.32,0.87,industrial,waste,high,19,high-toxicity,none,0.31,0
0,38,8,wastefuls,32.6,100,25.66,1,1,0.26,0.96,0.6,0.44,0.22,0.72,waste-zone,new,0.6307647870874981,17,high-toxicity,none,0.42,0
0,38,3,recyclers,47.01,100,18,2,0.88,0.69,0.41,0.97,0.64,0.8,0.51,natural,new,0.2649843140456698,10,low-toxicity,mixed,0.77,0
0,38,0,recyclers,25.43,100,18,2,0.87,0.89,0.48,0.84,0.77,0.78,0.92,industrial,waste,high,14,low-toxicity,mixed,0.26,0
0,39,0,recyclers,25.34,100,18,2,0.87,0.89,0.48,0.84,0.77,0.78,0.92,industrial,waste,high,14,low-toxicity,mixed,0.26,0
0,39,8,wastefuls,36.56,100,25.66,1,1,0.26,0.96,0.6,0.44,0.22,0.72,waste-zone,waste,low,17,high-toxicity,none,0.42,0
0,39,5,wastefuls,32.14,100,23.64,2,1,0.39,0.94,0.22,0.59,0.44,0.72,natural,waste,low,14,high-toxicity,none,0.54,0
0,39,7,wastefuls,36.51,100,24.43,2,1,0.31,0.7,0.33,0.46,0.32,0.87,natural,new,0.9031766741499189,1,high-toxicity,none,0.31,0
0,39,1,recyclers,47.03,100,15,4,0.91,0.75,0.38,0.93,0.65,0.71,0.62,industrial,new,0.6836757216765367,7,low-toxicity,mixed,0.05,0
0,39,2,recyclers,49.18,99.33,17,2,0.84,0.96,0.35,0.86,0.56,0.74,0.95,industrial,waste,high,15,low-toxicity,mixed,0.43,0
0,39,4,recyclers,47.31,99.33,19,2,0.96,0.75,0.39,0.91,0.68,0.84,0.92,industrial,waste,high,15,low-toxicity,mixed,0.68,0
0,39,9,wastefuls,28.46,100,20,1,0.97,0.37,0.87,0.26,0.25,0.37,0.77,waste-zone,waste,high,17,high-toxicity,none,0.06,0
0,39,6,wastefuls,28.1,100,23,1,0.95,0.39,0.99,0.52,0.35,0.24,0.95,waste-zone,waste,high,19,high-toxicity,none,0.48,0
0,39,3,recyclers,46.96,100,18,2,0.88,0.69,0.41,0.97,0.64,0.8,0.51,natural,new,0.2649843140456698,10,low-toxicity,mixed,0.77,0
0,40,9,wastefuls,28.43,100,20,1,0.97,0.37,0.87,0.26,0.25,0.37,0.77,waste-zone,waste,high,17,high-toxicity,none,0.06,0
0,40,5,wastefuls,31.06,100,23.64,2,1,0.39,0.94,0.22,0.59,0.44,0.72,industrial,new,0.5040025192379934,10,high-toxicity,none,0.54,0
0,40,6,wastefuls,28.06,100,23,1,0.95,0.39,0.99,0.52,0.35,0.24,0.95,waste-zone,waste,high,19,high-toxicity,none,0.48,0
0,40,3,recyclers,46.91,100,18,2,0.88,0.69,0.41,0.97,0.64,0.8,0.51,natural,new,0.2649843140456698,10,low-toxicity,mixed,0.77,0
0,40,1,recyclers,46.9,100,15,4,0.91,0.75,0.38,0.93,0.65,0.71,0.62,industrial,new,0.6836757216765367,7,low-toxicity,mixed,0.05,0
0,40,2,recyclers,48.09,99.33,17,2,0.84,0.96,0.35,0.86,0.56,0.74,0.95,natural,new,0.003239177676030547,1,low-toxicity,mixed,0.43,0
0,40,4,recyclers,47.22,99.33,19,2,0.96,0.75,0.39,0.91,0.68,0.84,0.92,industrial,waste,high,15,low-toxicity,mixed,0.68,0
0,40,8,wastefuls,35.53,100,25.66,1,1,0.26,0.96,0.6,0.44,0.22,0.72,industrial,new,0.3890006870459095,11,high-toxicity,none,0.42,0
0,40,7,wastefuls,40.43,100,24.43,2,1,0.31,0.7,0.33,0.46,0.32,0.87,natural,waste,low,1,high-toxicity,none,0.31,0
0,40,0,recyclers,25.24,100,18,2,0.87,0.89,0.48,0.84,0.77,0.78,0.92,industrial,waste,high,14,low-toxicity,mixed,0.26,0
0,41,5,wastefuls,34.99,100,23.64,2,1,0.39,0.94,0.22,0.59,0.44,0.72,industrial,waste,high,10,high-toxicity,none,0.54,0
0,41,3,recyclers,46.86,100,18,2,0.88,0.69,0.41,0.97,0.64,0.8,0.51,natural,new,0.2649843140456698,10,low-toxicity,mixed,0.77,0
0,41,7,wastefuls,37.34,100,25.66,2,1,0.31,0.7,0.33,0.46,0.32,0.87,natural,waste,low,6,high-toxicity,none,0.31,0
0,41,0,recyclers,25.15,100,18,2,0.87,0.89,0.48,0.84,0.77,0.78,0.92,industrial,waste,high,14,low-toxicity,mixed,0.26,0
0,41,6,wastefuls,28.01,100,23,1,0.95,0.39,0.99,0.52,0.35,0.24,0.95,waste-zone,waste,high,19,high-toxicity,none,0.48,0
0,41,1,recyclers,46.78,100,15,4,0.91,0.75,0.38,0.93,0.65,0.71,0.62,industrial,new,0.6836757216765367,7,low-toxicity,mixed,0.05,0
0,41,4,recyclers,46.13,99.33,19,2,0.96,0.75,0.39,0.91,0.68,0.84,0.92,natural,new,0.003239177676030547,1,low-toxicity,mixed,0.68,0
0,41,9,wastefuls,28.39,100,20,1,0.97,0.37,0.87,0.26,0.25,0.37,0.77,waste-zone,waste,high,17,high-toxicity,none,0.06,0
0,41,2,recyclers,47.99,99.33,17,2,0.84,0.96,0.35,0.86,0.56,0.74,0.95,natural,new,0.003239177676030547,1,low-toxicity,mixed,0.43,0
0,41,8,wastefuls,39.49,100,25.66,1,1,0.26,0.96,0.6,0.44,0.22,0.72,industrial,waste,high,11,high-toxicity,none,0.42,0
0,42,5,wastefuls,33.92,100,23.64,2,1,0.39,0.94,0.22,0.59,0.44,0.72,natural,new,0.27006906368010875,11,high-toxicity,none,0.54,0
0,42,4,recyclers,46.03,99.33,19,2,0.96,0.75,0.39,0.91,0.68,0.84,0.92,natural,new,0.003239177676030547,1,low-toxicity,mixed,0.68,0
0,42,9,wastefuls,28.35,100,20,1,0.97,0.37,0.87,0.26,0.25,0.37,0.77,waste-zone,waste,high,17,high-toxicity,none,0.06,0
0,42,8,wastefuls,36.45,100,26.94,1,1,0.26,0.96,0.6,0.44,0.22,0.72,industrial,waste,high,16,high-toxicity,none,0.42,0
0,42,0,recyclers,25.06,100,18,2,0.87,0.89,0.48,0.84,0.77,0.78,0.92,industrial,waste,high,14,low-toxicity,mixed,0.26,0
0,42,1,recyclers,46.65,100,15,4,0.91,0.75,0.38,0.93,0.65,0.71,0.62,industrial,new,0.6836757216765367,7,low-toxicity,mixed,0.05,0
0,42,6,wastefuls,27.96,100,23,1,0.95,0.39,0.99,0.52,0.35,0.24,0.95,waste-zone,waste,high,19,high-toxicity,none,0.48,0
0,42,2,recyclers,47.89,99.33,17,2,0.84,0.96,0.35,0.86,0.56,0.74,0.95,natural,new,0.003239177676030547,1,low-toxicity,mixed,0.43,0
0,42,3,recyclers,46.81,100,18,2,0.88,0.69,0.41,0.97,0.64,0.8,0.51,natural,new,0.2649843140456698,10,low-toxicity,mixed,0.77,0
0,42,7,wastefuls,36.25,100,25.66,2,1,0.31,0.7,0.33,0.46,0.32,0.87,natural,new,0.547792603191178,5,high-toxicity,none,0.31,0
0,43,0,recyclers,24.97,100,18,2,0.87,0.89,0.48,0.84,0.77,0.78,0.92,industrial,waste,high,14,low-toxicity,mixed,0.26,0
0,43,3,recyclers,46.76,100,18,2,0.88,0.69,0.41,0.97,0.64,0.8,0.51,natural,new,0.2649843140456698,10,low-toxicity,mixed,0.77,0
0,43,9,wastefuls,28.31,100,20,1,0.97,0.37,0.87,0.26,0.25,0.37,0.77,waste-zone,waste,high,17,high-toxicity,none,0.06,0
0,43,1,recyclers,46.53,100,15,4,0.91,0.75,0.38,0.93,0.65,0.71,0.62,industrial,new,0.6836757216765367,7,low-toxicity,mixed,0.05,0
0,43,4,recyclers,45.94,99.33,19,2,0.96,0.75,0.39,0.91,0.68,0.84,0.92,natural,new,0.003239177676030547,1,low-toxicity,mixed,0.68,0
0,43,7,wastefuls,40.16,100,25.66,2,1,0.31,0.7,0.33,0.46,0.32,0.87,natural,waste,high,5,high-toxicity,none,0.31,0
0,43,8,wastefuls,35.42,100,26.94,1,1,0.26,0.96,0.6,0.44,0.22,0.72,natural,new,0.6713825217901883,16,high-toxicity,none,0.42,0
0,43,6,wastefuls,27.92,100,23,1,0.95,0.39,0.99,0.52,0.35,0.24,0.95,waste-zone,waste,high,19,high-toxicity,none,0.48,0
0,43,5,wastefuls,37.85,100,23.64,2,1,0.39,0.94,0.22,0.59,0.44,0.72,natural,waste,high,11,high-toxicity,none,0.54,0
0,43,2,recyclers,47.8,99.33,17,2,0.84,0.96,0.35,0.86,0.56,0.74,0.95,natural,new,0.003239177676030547,1,low-toxicity,mixed,0.43,0
0,44,8,wastefuls,39.38,100,26.94,1,1,0.26,0.96,0.6,0.44,0.22,0.72,natural,waste,high,16,high-toxicity,none,0.42,0
0,44,6,wastefuls,27.87,100,23,1,0.95,0.39,0.99,0.52,0.35,0.24,0.95,waste-zone,waste,high,19,high-toxicity,none,0.48,0
0,44,1,recyclers,46.4,100,15,4,0.91,0.75,0.38,0.93,0.65,0.71,0.62,industrial,new,0.6836757216765367,7,low-toxicity,mixed,0.05,0
0,44,7,wastefuls,37.08,100,26.94,2,1,0.31,0.7,0.33,0.46,0.32,0.87,natural,waste,high,10,high-toxicity,none,0.31,0
0,44,4,recyclers,49.85,99.33,19,2,0.96,0.75,0.39,0.91,0.68,0.84,0.92,natural,waste,high,1,low-toxicity,mixed,0.68,0
0,44,2,recyclers,47.7,99.33,17,2,0.84,0.96,0.35,0.86,0.56,0.74,0.95,natural,waste,high,1,low-toxicity,mixed,0.43,0
0,44,5,wastefuls,36.78,100,23.64,2,1,0.39,0.94,0.22,0.59,0.44,0.72,industrial,new,0.13210339066952337,1,high-toxicity,none,0.54,0
0,44,0,recyclers,24.88,100,18,2,0.87,0.89,0.48,0.84,0.77,0.78,0.92,industrial,waste,high,14,low-toxicity,mixed,0.26,0
0,44,3,recyclers,46.71,100,18,2,0.88,0.69,0.41,0.97,0.64,0.8,0.51,natural,new,0.2649843140456698,10,low-toxicity,mixed,0.77,0
0,44,9,wastefuls,28.27,100,20,1,0.97,0.37,0.87,0.26,0.25,0.37,0.77,waste-zone,waste,high,17,high-toxicity,none,0.06,0
0,45,8,wastefuls,36.35,100,28.28,1,1,0.26,0.96,0.6,0.44,0.22,0.72,natural,waste,high,21,high-toxicity,none,0.42,0
0,45,0,recyclers,24.79,100,18,2,0.87,0.89,0.48,0.84,0.77,0.78,0.92,industrial,waste,high,14,low-toxicity,mixed,0.26,0
0,45,2,recyclers,46.61,99.33,17,2,0.84,0.96,0.35,0.86,0.56,0.74,0.95,natural,new,0.8323216123610607,12,low-toxicity,mixed,0.43,0
0,45,5,wastefuls,40.71,100,23.64,2,1,0.39,0.94,0.22,0.59,0.44,0.72,industrial,waste,low,1,high-toxicity,none,0.54,0
0,45,3,recyclers,46.66,100,18,2,0.88,0.69,0.41,0.97,0.64,0.8,0.51,natural,new,0.2649843140456698,10,low-toxicity,mixed,0.77,0
0,45,7,wastefuls,33.99,100,28.28,2,1,0.31,0.7,0.33,0.46,0.32,0.87,natural,waste,high,15,high-toxicity,none,0.31,0
0,45,4,recyclers,48.76,99.33,19,2,0.96,0.75,0.39,0.91,0.68,0.84,0.92,natural,new,0.8323216123610607,12,low-toxicity,mixed,0.68,0
0,45,6,wastefuls,27.82,100,23,1,0.95,0.39,0.99,0.52,0.35,0.24,0.95,waste-zone,waste,high,19,high-toxicity,none,0.48,0
0,45,9,wastefuls,28.23,100,20,1,0.97,0.37,0.87,0.26,0.25,0.37,0.77,waste-zone,waste,high,17,high-toxicity,none,0.06,0
0,45,1,recyclers,46.28,100,15,4,0.91,0.75,0.38,0.93,0.65,0.71,0.62,industrial,new,0.6836757216765367,7,low-toxicity,mixed,0.05,0
0,46,0,recyclers,24.69,100,18,2,0.87,0.89,0.48,0.84,0.77,0.78,0.92,industrial,waste,high,14,low-toxicity,mixed,0.26,0
0,46,2,recyclers,46.51,99.33,17,2,0.84,0.96,0.35,0.86,0.56,0.74,0.95,natural,new,0.8323216123610607,12,low-toxicity,mixed,0.43,0
0,46,6,wastefuls,27.77,100,23,1,0.95,0.39,0.99,0.52,0.35,0.24,0.95,waste-zone,waste,high,19,high-toxicity,none,0.48,0
0,46,7,wastefuls,32.9,100,28.28,2,1,0.31,0.7,0.33,0.46,0.32,0.87,industrial,new,0.5203104870639479,8,high-toxicity,none,0.31,0
0,46,4,recyclers,48.66,99.33,19,2,0.96,0.75,0.39,0.91,0.68,0.84,0.92,natural,new,0.8323216123610607,12,low-toxicity,mixed,0.68,0
0,46,1,recyclers,46.15,100,15,4,0.91,0.75,0.38,0.93,0.65,0.71,0.62,industrial,new,0.6836757216765367,7,low-toxicity,mixed,0.05,0
0,46,8,wastefuls,33.31,100,29.7,1,1,0.26,0.96,0.6,0.44,0.22,0.72,natural,waste,high,26,high-toxicity,none,0.42,0
0,46,5,wastefuls,37.63,100,24.82,2,1,0.39,0.94,0.22,0.59,0.44,0.72,industrial,waste,low,6,high-toxicity,none,0.54,0
0,46,3,recyclers,46.61,100,18,2,0.88,0.69,0.41,0.97,0.64,0.8,0.51,natural,new,0.2649843140456698,10,low-toxicity,mixed,0.77,0
0,46,9,wastefuls,28.2,100,20,1,0.97,0.37,0.87,0.26,0.25,0.37,0.77,waste-zone,waste,high,17,high-toxicity,none,0.06,0
0,47,8,wastefuls,32.27,100,29.7,1,1,0.26,0.96,0.6,0.44,0.22,0.72,natural,new,0.9230253611996067,16,high-toxicity,none,0.42,0
0,47,5,wastefuls,34.56,100,26.06,2,1,0.39,0.94,0.22,0.59,0.44,0.72,industrial,waste,low,11,high-toxicity,none,0.54,0
0,47,4,recyclers,48.57,99.33,19,2,0.96,0.75,0.39,0.91,0.68,0.84,0.92,natural,new,0.8323216123610607,12,low-toxicity,mixed,0.68,0
0,47,3,recyclers,46.56,100,18,2,0.88,0.69,0.41,0.97,0.64,0.8,0.51,natural,new,0.2649843140456698,10,low-toxicity,mixed,0.77,0
0,47,6,wastefuls,27.73,100,23,1,0.95,0.39,0.99,0.52,0.35,0.24,0.95,waste-zone,waste,high,19,high-toxicity,none,0.48,0
0,47,0,recyclers,24.6,100,18,2,0.87,0.89,0.48,0.84,0.77,0.78,0.92,industrial,waste,high,14,low-toxicity,mixed,0.26,0
0,47,2,recyclers,46.42,99.33,17,2,0.84,0.96,0.35,0.86,0.56,0.74,0.95,natural,new,0.8323216123610607,12,low-toxicity,mixed,0.43,0
0,47,9,wastefuls,28.16,100,20,1,0.97,0.37,0.87,0.26,0.25,0.37,0.77,waste-zone,waste,high,17,high-toxicity,none,0.06,0
0,47,7,wastefuls,36.82,100,28.28,2,1,0.31,0.7,0.33,0.46,0.32,0.87,industrial,waste,low,8,high-toxicity,none,0.31,0
0,47,1,recyclers,46.03,100,15,4,0.91,0.75,0.38,0.93,0.65,0.71,0.62,industrial,new,0.6836757216765367,7,low-toxicity,mixed,0.05,0
0,48,0,recyclers,24.51,100,18,2,0.87,0.89,0.48,0.84,0.77,0.78,0.92,industrial,waste,high,14,low-toxicity,mixed,0.26,0
0,48,8,wastefuls,36.24,100,29.7,1,1,0.26,0.96,0.6,0.44,0.22,0.72,natural,waste,low,16,high-toxicity,none,0.42,0
0,48,5,wastefuls,33.49,100,26.06,2,1,0.39,0.94,0.22,0.59,0.44,0.72,natural,new,0.35694876711819346,5,high-toxicity,none,0.54,0
0,48,7,wastefuls,33.73,100,29.7,2,1,0.31,0.7,0.33,0.46,0.32,0.87,industrial,waste,low,13,high-toxicity,none,0.31,0
0,48,6,wastefuls,27.68,100,23,1,0.95,0.39,0.99,0.52,0.35,0.24,0.95,waste-zone,waste,high,19,high-toxicity,none,0.48,0
0,48,3,recyclers,46.5,100,18,2,0.88,0.69,0.41,0.97,0.64,0.8,0.51,natural,new,0.2649843140456698,10,low-toxicity,mixed,0.77,0
0,48,1,recyclers,45.91,100,15,4,0.91,0.75,0.38,0.93,0.65,0.71,0.62,industrial,new,0.6836757216765367,7,low-toxicity,mixed,0.05,0
0,48,4,recyclers,48.48,99.33,19,2,0.96,0.75,0.39,0.91,0.68,0.84,0.92,natural,new,0.8323216123610607,12,low-toxicity,mixed,0.68,0
0,48,9,wastefuls,28.12,100,20,1,0.97,0.37,0.87,0.26,0.25,0.37,0.77,waste-zone,waste,high,17,high-toxicity,none,0.06,0
0,48,2,recyclers,46.32,99.33,17,2,0.84,0.96,0.35,0.86,0.56,0.74,0.95,natural,new,0.8323216123610607,12,low-toxicity,mixed,0.43,0
0,49,0,recyclers,24.42,100,18,2,0.87,0.89,0.48,0.84,0.77,0.78,0.92,industrial,waste,high,14,low-toxicity,mixed,0.26,0
0,49,6,wastefuls,27.63,100,23,1,0.95,0.39,0.99,0.52,0.35,0.24,0.95,waste-zone,waste,high,19,high-toxicity,none,0.48,0
0,49,2,recyclers,46.23,99.33,17,2,0.84,0.96,0.35,0.86,0.56,0.74,0.95,natural,new,0.8323216123610607,12,low-toxicity,mixed,0.43,0
0,49,4,recyclers,48.39,99.33,19,2,0.96,0.75,0.39,0.91,0.68,0.84,0.92,natural,new,0.8323216123610607,12,low-toxicity,mixed,0.68,0
0,49,3,recyclers,46.45,100,18,2,0.88,0.69,0.41,0.97,0.64,0.8,0.51,natural,new,0.2649843140456698,10,low-toxicity,mixed,0.77,0
0,49,9,wastefuls,28.08,100,20,1,0.97,0.37,0.87,0.26,0.25,0.37,0.77,waste-zone,waste,high,17,high-toxicity,none,0.06,0
0,49,1,recyclers,49.78,100,15,4,0.91,0.75,0.38,0.93,0.65,0.71,0.62,industrial,waste,low,7,low-toxicity,mixed,0.05,0
0,49,7,wastefuls,32.64,100,29.7,2,1,0.31,0.7,0.33,0.46,0.32,0.87,industrial,new,0.8719133038605713,10,high-toxicity,none,0.31,0
0,49,5,wastefuls,37.42,100,26.06,2,1,0.39,0.94,0.22,0.59,0.44,0.72,natural,waste,low,5,high-toxicity,none,0.54,0
0,49,8,wastefuls,33.2,100,31.18,1,1,0.26,0.96,0.6,0.44,0.22,0.72,natural,waste,low,21,high-toxicity,none,0.42,0
